datetime,btc_eur,btc_usd
2026-10-06 14:00,76930.56,86587.91
2026-10-06 15:00,76140.00,85731.70
2026-10-06 16:00,76049.00,85590.00
2026-10-06 17:00,76119.17,85716.61
2026-10-06 18:00,75950.02,85504.49
2026-10-06 19:00,76046.08,85627.16
2026-10-06 20:00,76055.44,85608.06
2026-10-06 21:00,76038.14,85601.93
2026-10-06 22:00,75993.23,85532.02
2026-10-06 23:00,76025.54,85553.52
2026-10-07 00:00,76028.02,85528.13
2026-10-07 01:00,75101.13,84376.06
2026-10-07 02:00,74667.62,83829.34
2026-10-07 03:00,74877.74,84121.28
2026-10-07 04:00,74876.15,84075.81
2026-10-07 05:00,75092.14,84312.76
2026-10-07 06:00,75022.59,84205.05
2026-10-07 07:00,75224.29,84119.73
2026-10-07 08:00,74962.94,83928.94
2026-10-07 09:00,74844.99,83777.28
2026-10-07 10:00,74832.52,83715.60
2026-10-07 11:00,74874.48,83706.22
2026-10-07 12:00,74719.09,83457.74
