timestamp,open,high,low,close,volume
1790776800,84606.17,84607.59,83337.25,83755.73,233.33617668
1790780400,83755.72,84233.68,83626.46,84077.10,78.70105629
1790784000,84078.42,84436.00,84077.20,84292.94,52.03986429
1790787600,84282.10,84391.56,83887.79,84004.89,89.40948147
1790791200,83988.38,84038.95,83775.29,83920.00,39.88101674
1790794800,83919.99,83935.18,83449.73,83558.08,85.30921358
1790798400,83562.45,83717.46,83466.97,83612.74,83.72934881
1790802000,83612.74,83760.40,83612.74,83703.86,17.64968236
1790805600,83703.87,83798.11,83535.04,83629.36,18.71149485
1790809200,83629.35,83772.16,83471.85,83562.58,37.18279728
1790812800,83555.46,83600.52,83381.75,83449.24,21.62565080
1790816400,83453.39,83630.87,83432.08,83467.61,41.01646925
1790820000,83467.61,83602.15,83361.74,83445.12,55.43831284
1790823600,83429.79,83712.57,83380.00,83696.68,44.44336469
1790827200,83696.68,84139.22,83655.79,84041.15,57.85627001
1790830800,84057.17,84307.33,83970.63,84237.99,25.05195788
1790834400,84237.99,84357.92,84074.99,84081.59,39.00866866
1790838000,84076.30,84171.99,83301.74,83380.00,121.98268561
1790841600,83385.01,83524.68,83130.14,83509.15,82.41122102
1790845200,83509.14,83853.32,83505.43,83734.04,35.84672392
1790848800,83734.04,84052.18,83374.21,83917.58,31.96008490
1790852400,83919.93,84005.97,83741.74,83881.65,21.10912621
1790856000,83887.29,84032.21,83637.99,83701.59,30.10121259
1790859600,83710.86,83984.23,83431.79,83925.75,111.43069884
1790863200,83918.40,84287.10,83528.71,84018.47,138.82053363
1790866800,84026.69,84285.26,83789.19,84117.04,107.01773078
1790870400,84117.05,84583.98,84030.48,84154.26,77.75476427
1790874000,84154.27,85049.04,84154.27,84872.63,119.20709539
1790877600,84864.71,85232.94,84627.94,84761.96,69.35963944
1790881200,84761.95,84861.17,84550.00,84613.01,54.64742135
1790884800,84635.81,84825.96,84540.32,84600.93,27.12832153
1790888400,84600.93,84651.43,84469.35,84516.50,51.70137300
1790892000,84513.23,84763.72,84513.23,84720.94,15.15722432
1790895600,84720.95,84878.13,84616.87,84852.65,29.98274922
1790899200,84851.22,84916.49,84677.30,84754.48,18.67497469
1790902800,84758.16,84954.42,84500.01,84880.51,53.83544999
1790906400,84885.86,85150.00,84834.02,85149.99,40.83561990
1790910000,85150.00,85530.06,85146.45,85486.70,55.43886291
1790913600,85496.71,86856.59,85423.18,86627.19,189.63869572
1790917200,86641.00,86649.12,85875.21,85975.19,85.00361865
1790920800,85975.19,86079.11,85859.11,85963.09,35.55864119
1790924400,85962.22,86137.73,85746.12,86075.21,118.32611565
1790928000,86075.21,86604.10,86056.83,86236.69,86.29893986
1790931600,86236.68,86432.17,86103.16,86356.59,42.11349062
1790935200,86356.59,86469.11,86162.12,86275.57,44.86934691
1790938800,86275.58,86541.77,86258.99,86416.17,32.90560268
1790942400,86416.16,87219.40,86301.41,86807.12,192.81088025
1790946000,86807.12,87144.01,86455.31,86574.23,194.87889615
1790949600,86567.57,86843.30,85386.50,85677.03,171.11217572
1790953200,85681.04,85748.29,85143.24,85323.03,123.23673942
1790956800,85321.13,85487.01,85010.50,85144.54,63.95355787
1790960400,85144.53,85246.82,84492.02,84777.42,97.97584315
1790964000,84769.56,84890.06,83841.27,84244.71,146.69422488
1790967600,84241.28,84311.90,83964.07,84296.60,38.68082991
1790971200,84296.61,84510.32,84201.08,84443.26,97.82321010
1790974800,84431.72,84537.97,84408.56,84513.40,18.42450239
1790978400,84513.41,84540.32,84440.90,84537.24,8.86517205
1790982000,84537.24,84559.45,84467.87,84500.84,9.92328905
1790985600,84500.85,84662.14,84433.06,84641.31,30.08073127
1790989200,84642.29,84698.60,84586.96,84627.51,8.53372071
1790992800,84627.52,84680.37,84591.04,84591.06,18.92788810
1790996400,84591.06,84672.30,84508.76,84672.29,18.18656126
1791000000,84672.30,84712.95,84516.27,84578.07,21.68569280
1791003600,84578.07,84641.83,84543.35,84620.17,18.61281189
1791007200,84622.47,84651.98,84544.17,84562.85,16.27896416
1791010800,84571.02,84631.67,84550.47,84550.47,9.37389585
1791014400,84550.48,84636.12,84550.47,84609.26,12.76792075
1791018000,84604.93,84646.20,84573.14,84577.75,4.99596997
1791021600,84577.75,84628.70,84570.73,84622.68,7.37394996
1791025200,84622.68,84681.59,84612.68,84668.38,10.52259621
1791028800,84668.37,84896.12,84660.18,84872.40,37.58491332
1791032400,84879.47,84941.00,84773.96,84866.79,33.95865827
1791036000,84866.78,84866.79,84747.43,84837.55,15.02527851
1791039600,84837.54,84863.33,84763.88,84853.34,28.13837284
1791043200,84853.34,84873.06,84782.41,84857.61,11.45734126
1791046800,84857.61,84997.00,84833.22,84996.99,21.50027500
1791050400,84991.60,85008.25,84913.05,84927.15,10.67975919
1791054000,84927.15,84927.15,84711.90,84834.01,23.12619289
1791057600,84834.01,84885.93,84723.12,84744.29,25.54653563
1791061200,84744.30,84764.87,84540.32,84707.27,38.67294566
1791064800,84707.27,84793.95,84696.32,84768.73,11.43566261
1791068400,84768.73,84793.86,84709.33,84746.87,19.84267979
1791072000,84746.88,84855.37,84746.88,84783.18,16.26022470
1791075600,84783.18,84801.72,84712.95,84793.12,5.53517922
1791079200,84793.12,84855.38,84779.12,84791.03,5.23434851
1791082800,84791.02,84866.44,84785.47,84834.09,5.15978582
1791086400,84834.09,84838.16,84809.34,84809.35,5.75973606
1791090000,84809.34,84910.78,84809.34,84903.21,9.45813859
1791093600,84903.21,85049.06,84880.44,85012.62,28.26861990
1791097200,85012.63,85086.22,84926.68,85086.22,22.35794107
1791100800,85086.22,85171.61,85038.85,85102.97,23.80158976
1791104400,85102.96,85304.57,85052.19,85218.78,22.33235723
1791108000,85230.47,85406.99,85211.14,85263.94,19.86615389
1791111600,85263.94,85315.82,85222.73,85293.22,20.27567361
1791115200,85293.22,85363.34,85090.60,85109.61,20.20719052
1791118800,85109.61,85294.34,85109.61,85232.55,17.54616155
1791122400,85232.55,85262.28,85094.82,85262.26,26.31806946
1791126000,85262.27,85458.25,85227.48,85253.41,31.66232280
1791129600,85253.41,85417.24,85181.84,85368.20,25.38951154
1791133200,85368.20,85451.24,85307.54,85309.51,34.14328156
1791136800,85309.51,85354.41,85299.00,85333.48,16.07248140
1791140400,85333.48,85560.86,85333.47,85428.07,31.58446152
1791144000,85428.08,85848.81,85387.04,85817.05,41.75614907
1791147600,85823.43,86044.75,85773.11,85833.82,62.59755108
1791151200,85840.54,86666.00,85840.54,86410.44,174.64822530
1791154800,86410.45,86770.50,86378.51,86510.16,82.41879942
1791158400,86490.27,86687.28,86179.08,86630.80,79.29520713
1791162000,86640.01,86968.58,86455.73,86605.54,68.04029786
1791165600,86605.53,86720.20,86403.47,86493.33,50.03083845
1791169200,86499.21,86510.20,86003.46,86054.92,65.00838177
1791172800,86063.93,86114.13,85478.77,85503.49,90.26672819
1791176400,85494.44,85745.86,85396.75,85735.05,38.61976556
1791180000,85735.56,86334.80,85735.56,86228.81,69.58326294
1791183600,86224.20,86448.35,86109.48,86226.80,94.33018006
1791187200,86226.80,86467.78,86043.48,86206.26,65.53529203
1791190800,86197.37,86201.12,85756.15,85957.37,60.33163348
1791194400,85957.37,86179.08,85936.89,86097.72,49.01802394
1791198000,86097.72,86246.97,85905.70,86206.62,69.40212330
1791201600,86199.06,86199.06,85824.15,85875.70,57.64143967
1791205200,85875.69,86458.74,85798.70,86403.27,114.19133479
1791208800,86400.22,86697.37,85440.71,85624.68,178.73448159
1791212400,85623.18,85661.71,85192.05,85258.56,92.62023567
1791216000,85266.29,85316.95,84973.36,85297.79,80.53951320
1791219600,85297.79,85427.49,85200.01,85427.48,26.85640750
1791223200,85427.49,85659.37,85343.77,85656.87,58.20633469
1791226800,85656.88,85776.73,85548.40,85705.19,27.94487122
1791230400,85725.30,85848.81,85645.46,85771.64,18.90456973
1791234000,85771.64,85968.63,85684.73,85933.27,21.64220742
1791237600,85933.28,86013.78,85831.66,85920.11,20.90852306
1791241200,85920.11,86044.75,85725.28,85756.06,30.14971323
1791244800,85756.07,85951.83,85756.07,85895.27,22.59095097
1791248400,85906.71,86117.05,85605.15,85636.36,63.69086118
1791252000,85664.97,85735.57,85437.76,85516.76,58.70723537
1791255600,85516.76,85585.35,85309.46,85484.07,22.33531263
1791259200,85497.99,85601.93,85495.67,85601.93,34.03523693
1791262800,85601.93,85725.27,85495.17,85500.01,29.75769927
1791266400,85497.57,85497.57,85120.53,85290.47,59.50274487
1791270000,85290.47,85601.93,85249.20,85538.18,45.61722703
1791273600,85529.28,86024.11,85529.28,85996.18,50.99999112
1791277200,85996.19,86189.42,85651.37,85961.81,81.37061107
1791280800,85957.53,86230.80,85926.96,86134.36,21.99570579
1791284400,86147.80,86353.64,86054.54,86233.88,34.78180512
1791288000,86236.55,86386.14,86100.87,86205.11,35.33346865
1791291600,86205.10,86465.55,85973.65,86305.66,119.22482039
1791295200,86305.66,86604.10,85947.40,86587.91,126.24722925
1791298800,86589.41,86676.87,85720.00,85731.70,103.89047686
1791302400,85715.46,85849.40,85573.63,85590.00,36.62125600
1791306000,85588.01,85746.82,85480.01,85716.61,30.65613888
1791309600,85716.61,85810.98,85500.00,85504.49,33.01123560
1791313200,85504.49,85680.18,85417.42,85627.16,32.80697136
1791316800,85630.41,85663.91,85572.07,85608.06,12.31166951
1791320400,85608.06,85623.83,85494.26,85601.93,29.81798601
1791324000,85601.92,85643.03,85478.76,85532.02,21.58383130
1791327600,85531.42,85601.93,85335.29,85553.52,39.91424824
1791331200,85544.34,85591.44,85401.54,85528.13,28.75649132
1791334800,85525.65,85529.53,84376.06,84376.06,90.67336782
1791338400,84375.97,84509.79,83562.04,83829.34,309.05042393
1791342000,83838.50,84206.22,83838.50,84121.28,61.76183636
1791345600,84121.29,84193.01,84010.77,84075.81,35.06621466
1791349200,84075.81,84317.44,84060.01,84312.76,24.64718511
1791352800,84307.75,84348.23,84128.90,84205.05,30.10968969
1791356400,84199.99,84285.81,84075.95,84119.73,12.91357895
1791360000,84104.70,84146.34,83925.73,83928.94,41.17500016
1791363600,83928.95,83977.78,83632.25,83777.28,56.21693822
1791367200,83777.28,83900.84,83404.49,83715.60,65.84415448
1791370800,83715.60,83800.87,83511.86,83706.22,66.14267962
1791374400,83706.21,83728.00,83387.55,83457.74,75.14444608
